,km
0,"55,000"
1,"84,971"
2,"27,000"
3,"11,000"
4,"220,000"
5,"86,000"
6,"85,000"
7,"22,830"
8,"65,894"
9,"36,400"
10,"140,000"
11,"51,626"
12,"40,000"
13,"85,000"
14,"28,361"
15,"134,000"
16,0
17,"55,000"
18,"58,000"
19,"72,220"
20,"110,000"
21,1
22,"100,000"
23,"145,000"
24,"66,000"
25,"140,000"
26,"60,000"
27,"59,157"
28,"121,500"
29,"150,000"
30,"175,000"
31,"125,000"
32,"118,000"
33,"62,851"
34,"40,353"
35,"6,500"
36,"90,000"
37,"100,000"
38,"24,000"
39,"79,000"
40,"220,000"
41,"2,000"
42,"125,000"
43,"152,244"
44,"118,000"
45,"148,000"
46,"53,287"
47,"85,000"
48,"155,000"
49,"33,500"
50,"160,779"
51,"48,000"
52,"24,000"
53,"84,000"
54,"44,000"
55,"35,745"
56,"115,000"
57,"108,000"
58,"8,450"
59,"168,000"
60,"127,000"
61,"35,000"
62,"129,000"
63,"60,000"
64,"42,000"
65,"16,000"
66,"131,500"
67,"125,000"
68,"72,000"
69,"195,000"
70,"63,000"
71,"39,000"
72,"4,000"
73,"65,000"
74,"93,000"
75,"44,000"
76,"60,000"
77,"106,000"
78,"9,000"
79,"125,000"
80,"75,949"
81,"32,000"
82,"210,000"
83,"10,000"
84,"8,000"
85,"25,380"
86,"108,000"
87,"61,739"
88,"170,000"
89,"140,000"
90,"80,000"
91,"126,000"
92,"24,000"
93,"87,000"
94,"171,000"
95,"85,000"
96,"79,000"
97,"142,000"
98,"2,700"
99,"55,000"
100,"130,000"
101,"132,000"
102,"45,000"
103,"94,000"
104,"51,000"
105,"72,833"
106,"128,783"
107,"160,000"
108,"88,000"
109,"39,000"
110,"110,000"
111,"200,000"
112,"72,121"
113,"95,000"
114,"101,726"
115,"147,000"
116,"127,791"
117,"97,000"
118,"102,000"
119,"150,000"
120,"6,600"
121,"83,000"
122,"23,000"
123,"99,000"
124,"124,130"
125,"62,000"
126,"74,789"
127,"37,100"
128,"31,529"
129,"130,000"
130,"104,000"
131,"56,000"
132,"136,000"
133,"131,200"
134,"2,189"
135,"10,000"
136,0
137,"160,000"
138,"134,000"
139,"124,000"
140,"49,000"
141,"170,000"
142,"144,000"
143,"80,000"
144,"68,900"
145,"17,000"
146,"100,000"
147,"25,000"
148,"118,000"
149,"155,000"
150,"31,343"
151,"114,000"
152,"34,000"
153,"134,000"
154,"148,000"
155,"70,000"
156,"91,915"
157,"140,000"
158,"200,000"
159,"140,000"
160,"70,759"
161,"64,545"
162,"22,000"
163,"35,767"
164,"137,000"
165,"235,000"
166,"350,000"
167,"99,000"
168,"19,000"
169,0
170,"152,131"
171,"12,000"
172,"46,000"
173,"119,660"
174,"40,500"
175,"70,000"
176,"78,000"
177,0
178,"125,000"
179,"140,000"
180,"46,000"
181,"130,000"
182,"130,000"
183,"130,000"
184,"79,685"
185,"46,000"
186,"27,000"
187,"46,000"
188,"110,691"
189,"15,000"
190,"18,000"
191,"79,000"
192,"27,000"
193,"135,000"
194,"55,799"
195,"140,000"
196,100
197,"122,278"
198,"68,421"
199,"7,000"
200,"185,000"
201,"119,000"
202,"140,000"
203,0
204,"58,317"
205,"160,000"
206,"120,000"
207,"36,260"
208,"175,000"
209,"134,000"
210,"220,000"
211,"130,000"
212,"200,000"
213,"112,000"
214,"130,000"
215,"153,500"
216,"130,000"
217,"70,000"
218,"140,000"
219,"28,000"
220,0
221,"104,850"
222,"46,316"
223,"44,637"
224,0
225,"120,000"
226,"103,000"
227,"49,354"
228,"99,000"
229,"50,000"
230,"129,033"
231,"130,000"
232,"37,000"
233,"80,000"
234,"56,000"
235,"59,000"
236,0
237,"122,000"
238,"400,000"
239,"237,000"
240,"160,000"
241,"268,000"
242,"99,000"
243,"100,000"
244,"68,000"
245,"5,000"
246,"11,000"
247,"264,000"
248,"27,279"
249,"38,000"
250,"92,000"
251,"2,000"
252,"129,000"
253,"146,000"
254,"134,000"
255,"229,000"
256,"130,000"
257,"190,000"
258,"32,000"
259,"156,000"
260,"29,000"
261,"140,000"
262,"3,000"
263,"137,000"
264,"34,000"
265,"19,833"
266,0
267,"20,000"
268,"79,000"
269,"90,000"
270,"120,000"
271,0
272,"78,691"
273,"160,000"
274,"250,000"
275,"22,000"
276,"60,000"
277,"84,000"
278,"128,000"
279,"127,000"
280,"240,000"
281,"129,094"
282,"143,000"
283,0
284,"154,200"
285,"169,000"
286,"144,000"
287,"80,000"
288,"18,000"
289,"52,000"
290,"150,000"
291,"220,000"
292,"125,000"
293,"98,000"
294,"116,000"
295,"94,000"
296,"85,871"
297,"102,000"
298,"90,979"
299,"134,400"
300,"13,000"
301,"64,000"
302,"102,000"
303,"60,889"
304,"120,000"
305,"38,735"
306,"249,000"
307,"77,777"
308,"133,000"
309,0
310,"37,561"
311,"144,000"
312,"90,000"
313,"220,000"
314,"95,000"
315,"88,000"
316,"38,666"
317,"1,800"
318,"110,000"
319,"65,034"
320,"135,000"
321,"180,000"
322,"65,000"
323,"117,000"
324,0
325,"124,000"
326,"28,038"
327,"73,500"
328,"130,000"
329,"84,000"
330,0
331,0
332,"38,000"
333,"101,000"
334,"58,000"
335,"37,000"
336,"66,738"
337,"60,000"
338,"75,167"
339,"84,122"
340,"32,000"
341,"17,000"
342,"74,000"
343,"20,000"
344,"69,800"
345,"20,000"
346,"45,000"
347,"54,000"
348,"147,000"
349,"130,000"
350,"124,000"
351,0
352,"6,363"
353,"92,000"
354,"124,000"
355,"205,000"
356,"70,000"
357,"65,000"
358,"76,000"
359,"202,000"
360,"86,000"
361,"86,042"
362,"50,000"
363,"140,000"
364,"130,000"
365,"23,000"
366,"121,594"
367,"32,985"
368,"133,000"
369,"72,728"
370,"100,000"
371,"47,121"
372,"57,507"
373,"97,000"
374,"170,000"
375,"204,080"
376,0
377,"124,000"
378,"32,000"
379,"92,996"
380,"85,000"
381,"149,000"
382,"144,000"
383,0
384,"138,000"
385,"154,000"
386,"120,000"
387,"440,000"
388,"140,000"
389,"21,000"
390,"123,000"
391,"210,000"
392,"108,000"
393,"22,395"
394,"107,000"
395,"72,909"
396,"110,000"
397,"40,000"
398,"36,000"
399,"150,000"
400,"35,397"
401,"10,000"
402,"42,000"
403,"129,600"
404,"89,000"
405,0
406,"110,000"
407,"160,000"
408,"175,000"
409,"13,000"
410,"78,601"
411,"51,000"
412,"27,340"
413,"155,979"
414,"60,000"
415,"165,000"
416,"150,000"
417,"52,000"
418,"109,247"
419,"110,000"
420,"142,901"
421,"59,000"
422,"133,366"
423,"137,000"
424,"175,000"
425,"27,000"
426,"25,000"
427,"55,000"
428,"73,615"
429,"170,000"
430,"97,579"
431,"75,000"
432,"153,000"
433,"155,000"
434,"95,000"
435,"111,720"
436,"180,000"
437,"15,000"
438,"40,000"
439,"115,000"
440,"58,000"
441,"129,000"
442,"40,000"
443,"165,000"
444,"115,000"
445,"92,000"
446,"116,000"
447,"50,000"
448,"42,000"
449,"80,000"
450,"205,000"
451,"115,947"
452,"42,413"
453,"125,000"
454,"135,000"
455,"80,000"
456,"112,000"
457,"82,429"
458,"132,690"
459,"56,713"
460,"130,000"
461,"119,303"
462,"153,000"
463,"7,500"
464,"45,000"
465,"105,000"
466,"60,000"
467,"105,927"
468,"97,000"
469,"47,000"
470,"94,540"
471,"12,440"
472,"68,000"
473,"154,256"
474,"81,297"
475,"228,000"
476,"115,000"
477,"106,489"
478,"85,000"
479,0
480,"143,000"
481,"123,117"
482,"20,000"
483,"29,000"
484,"112,855"
485,"29,105"
486,"28,000"
487,"101,000"
488,"80,000"
489,"18,000"
490,"100,000"
491,"36,000"
492,"32,000"
493,"129,000"
494,"125,000"
495,"200,000"
496,"72,000"
497,"122,000"
498,"51,445"
499,"31,382"
500,0
501,"58,000"
502,"210,000"
503,"166,428"
504,"140,000"
505,"95,701"
506,"60,000"
507,"125,000"
508,"75,000"
509,"159,000"
510,"78,000"
511,"138,000"
512,"94,114"
513,"27,000"
514,10
515,"130,000"
516,"115,000"
517,"221,000"
518,"93,025"
519,"34,212"
520,"88,000"
521,"151,000"
522,"33,000"
523,"58,199"
524,"12,600"
525,"118,000"
526,"60,000"
527,"5,000"
528,"104,883"
529,1
530,0
531,"58,000"
532,"38,000"
533,"62,000"
534,"94,000"
535,"15,000"
536,"47,900"
537,"167,000"
538,"65,966"
539,"1,200"
540,"117,534"
541,"155,000"
542,"155,000"
543,"43,700"
544,"65,000"
545,"78,000"
546,"159,000"
547,"67,000"
548,"27,844"
549,"61,284"
550,"99,000"
551,"60,000"
552,"110,311"
553,"60,000"
554,"39,000"
555,"144,155"
556,"131,775"
557,"50,000"
558,"41,635"
559,"65,000"
560,"52,000"
561,"30,780"
562,"42,000"
563,"150,000"
564,0
565,"20,000"
566,"20,000"
567,"83,111"
568,"71,000"
569,"48,000"
570,"45,000"
571,"11,000"
572,"119,000"
573,"129,000"
574,"10,000"
575,"103,000"
576,"95,949"
577,"159,000"
578,"70,000"
579,0
580,"9,868"
581,"34,181"
582,"198,000"
583,"115,076"
584,"83,000"
585,"192,000"
586,"180,001"
587,"124,000"
588,"85,000"
589,"28,000"
590,"33,698"
591,"14,000"
592,"125,010"
593,"88,090"
594,"171,000"
595,"56,000"
596,"120,000"
597,"180,000"
598,"102,388"
599,"132,000"
600,"51,559"
601,"125,000"
602,"119,000"
603,"60,557"
604,"45,095"
605,"79,109"
606,"94,000"
607,"76,000"
608,"40,000"
609,"16,000"
610,"260,000"
611,"23,000"
612,"190,469"
613,"4,213"
614,"149,000"
615,"102,647"
616,"104,000"
617,"45,000"
618,"130,000"
619,"220,000"
620,"25,000"
621,"120,000"
622,"123,194"
623,"170,000"
624,"50,000"
625,"25,000"
626,"30,000"
627,"165,000"
628,"129,000"
629,0
630,"139,000"
631,"38,000"
632,"120,000"
633,"180,000"
634,"69,750"
635,"98,310"
636,"180,000"
637,"105,000"
638,"146,000"
639,"49,000"
640,"100,000"
641,"51,000"
642,"110,000"
643,"80,000"
644,"247,668"
645,"155,000"
646,"26,000"
647,"59,000"
648,"51,111"
649,"160,000"
650,"199,000"
651,"127,048"
652,"193,000"
653,"45,000"
654,"157,000"
655,"98,000"
656,"100,000"
657,"60,000"
658,"135,427"
659,"137,765"
660,"120,000"
661,"112,000"
662,"189,000"
663,"78,000"
664,"32,301"
665,"177,000"
666,"96,000"
667,"130,000"
668,"98,000"
669,"84,000"
670,"145,000"
671,"57,925"
672,"30,000"
673,"93,000"
674,"110,000"
675,"140,000"
676,"93,000"
677,"76,573"
678,"4,000"
679,"86,000"
680,"39,000"
681,"130,000"
682,"225,510"
683,"60,000"
684,0
685,"72,000"
686,"29,000"
687,"15,000"
688,"72,060"
689,"29,000"
690,"45,000"
691,"149,000"
692,"24,000"
693,"99,000"
694,"45,000"
695,"97,000"
696,"120,000"
697,"145,000"
698,"24,878"
699,"198,000"
700,"85,000"
701,"132,000"
702,"179,000"
703,"55,000"
704,"83,000"
705,"60,000"
706,"171,000"
707,"55,000"
708,"155,000"
709,"5,000"
710,"39,000"
711,"80,000"
712,"142,000"
713,"120,000"
714,"60,000"
715,"99,000"
716,"100,000"
717,"138,000"
718,0
719,"60,000"
720,"66,208"
721,"75,600"
722,"80,000"
723,"136,000"
724,"139,000"
725,"93,000"
726,"39,007"
727,"105,118"
728,"32,147"
729,"127,248"
730,"106,000"
731,"77,000"
732,0
733,"45,000"
734,"81,000"
735,"77,000"
736,"27,365"
737,"117,191"
738,"156,000"
739,"89,000"
740,"40,000"
741,"150,000"
742,"93,000"
743,0
744,"113,000"
745,0
746,"204,000"
747,"160,000"
748,"167,000"
749,"16,000"
750,"148,000"
751,"52,000"
752,"50,648"
753,0
754,"42,819"
755,"135,000"
756,"44,042"
757,"95,000"
758,"6,000"
759,"117,000"
760,"158,000"
761,"167,000"
762,"130,000"
763,"167,000"
764,"100,000"
765,"115,000"
766,"188,000"
767,0
768,"135,000"
769,"139,000"
770,"30,000"
771,"114,000"
772,"70,042"
773,"165,000"
774,"185,000"
775,"101,000"
776,"106,000"
777,1
778,"92,000"
779,"39,000"
780,"239,000"
781,"105,000"
782,"84,000"
783,"56,105"
784,"54,628"
785,"211,000"
786,"52,500"
787,"20,000"
788,"41,650"
789,"30,000"
790,"99,000"
791,"78,000"
792,"305,000"
793,"199,000"
794,"130,000"
795,"20,000"
796,"62,000"
797,"100,000"
798,"180,200"
799,"145,000"
800,"85,000"
801,"43,753"
802,"160,000"
803,"90,178"
804,"120,000"
805,"22,000"
806,"44,000"
807,"116,000"
808,"68,000"
809,"28,000"
810,0
811,"85,000"
812,"91,877"
813,"119,000"
814,"95,857"
815,"58,000"
816,"100,000"
817,"110,000"
818,"40,000"
819,"185,000"
820,"148,000"
821,"41,736"
822,"10,154"
823,"69,000"
824,"38,545"
825,"130,000"
826,"114,000"
827,"23,300"
828,"19,000"
829,"10,900"
830,0
831,"64,000"
832,"78,000"
833,"215,000"
834,"16,000"
835,"48,678"
836,"45,000"
837,"26,392"
838,"114,620"
839,"38,000"
840,"174,887"
841,"55,155"
842,"164,433"
843,"75,000"
844,"12,000"
845,"71,000"
846,"13,600"
847,0
848,"38,700"
849,"106,444"
850,"96,000"
851,"159,000"
852,"50,000"
853,"150,000"
854,"141,000"
855,"95,800"
856,"59,000"
857,0
858,"12,500"
859,"18,000"
860,"150,000"
861,"187,000"
862,"104,000"
863,"72,000"
864,"73,058"
865,"200,000"
866,"12,000"
867,"139,000"
868,"55,000"
869,"20,000"
870,"114,000"
871,"70,000"
872,"30,000"
873,0
874,"130,000"
875,"138,000"
876,"124,437"
877,"77,000"
878,"95,725"
879,"45,155"
880,"53,400"
881,"105,714"
882,"110,000"
883,"8,000"
884,"37,000"
885,"100,000"
886,"80,000"
887,"180,000"
888,"120,000"
889,"147,000"
890,"110,888"
891,"16,000"
892,"25,750"
893,"81,000"
894,"140,000"
895,"72,000"
896,"84,000"
897,"102,000"
898,"140,000"
899,"177,000"
900,"76,000"
901,"6,000"
902,"39,800"
903,"11,000"
904,"220,000"
905,"111,013"
906,"150,000"
907,"104,000"
908,150
909,0
910,"160,000"
911,"52,000"
912,"94,500"
913,"133,000"
914,"31,000"
915,"56,256"
916,"70,501"
917,"71,000"
918,"153,000"
919,"84,000"
920,"110,000"
921,"106,000"
922,"114,000"
923,"110,000"
924,"13,000"
925,"140,000"
926,"150,000"
927,"110,000"
928,"165,000"
929,"7,000"
930,"120,000"
931,"125,000"
932,"120,000"
933,"80,000"
934,"49,000"
935,"68,000"
936,"217,000"
937,"123,000"
938,"220,000"
939,"150,000"
940,"36,100"
941,"69,018"
942,"107,000"
943,"50,000"
944,"4,000"
945,"76,825"
946,"74,000"
947,"35,930"
948,"91,000"
949,"88,000"
950,"110,000"
951,"18,000"
952,"140,000"
953,"106,000"
954,"140,000"
955,"100,000"
956,"67,000"
957,"105,000"
958,"200,000"
959,"30,000"
960,"189,000"
961,"145,839"
962,"21,000"
963,"145,000"
964,"227,124"
965,"59,000"
966,"30,000"
967,"29,526"
968,"61,000"
969,0
970,"83,004"
971,"151,000"
972,"61,130"
973,20
974,"120,000"
975,"78,000"
976,"128,000"
977,0
978,"150,000"
979,"9,000"
980,"70,491"
981,"179,000"
982,"165,000"
983,"30,733"
984,"40,000"
985,"84,700"
986,"134,000"
987,"90,477"
988,"110,000"
989,"47,291"
990,"240,000"
991,"247,000"
992,"9,952"
993,"42,000"
994,"32,335"
995,"110,190"
996,"115,000"
997,"130,000"
998,"143,000"
999,"120,000"
1000,"120,000"
1001,"50,000"
1002,"113,000"
1003,"67,652"
1004,"125,000"
1005,"105,000"
1006,"98,000"
1007,"122,000"
1008,"260,000"
1009,"120,000"
1010,"151,000"
1011,"126,651"
1012,"129,905"
1013,"104,000"
1014,"113,000"
1015,"300,000"
1016,"53,000"
1017,"11,000"
1018,"38,000"
1019,"150,000"
1020,"75,000"
1021,"72,000"
1022,"72,000"
1023,"95,000"
1024,"48,000"
1025,"118,000"
1026,"204,000"
1027,0
1028,"55,000"
1029,"111,000"
1030,"198,000"
1031,"169,000"
1032,"27,000"
1033,"36,545"
1034,"141,542"
1035,"112,000"
1036,"78,941"
1037,"80,763"
1038,"174,662"
1039,0
1040,"124,000"
1041,"77,000"
1042,"2,081"
1043,"90,000"
1044,"69,336"
1045,"59,544"
1046,"130,030"
1047,"89,000"
1048,0
1049,"154,385"
1050,"40,000"
1051,"116,852"
1052,"39,000"
1053,"45,000"
1054,"103,000"
1055,"75,000"
1056,"47,000"
1057,"101,000"
1058,0
1059,"94,000"
1060,"140,000"
1061,"105,000"
1062,"54,935"
1063,"90,000"
1064,"100,000"
1065,"53,000"
1066,"137,000"
1067,0
1068,0
1069,"50,000"
1070,"88,000"
1071,"100,000"
1072,"50,000"
1073,"67,453"
1074,"105,756"
1075,"71,000"
1076,"97,000"
1077,"110,729"
1078,0
1079,"155,161"
1080,"93,000"
1081,"85,000"
1082,"145,000"
1083,"135,000"
1084,"149,000"
1085,"144,000"
1086,"100,030"
1087,"47,693"
1088,"183,000"
1089,"6,000"
1090,"21,208"
1091,"26,000"
1092,"148,000"
1093,"330,000"
1094,"167,000"
1095,"180,000"
1096,"159,000"
1097,"150,000"
1098,"100,000"
1099,"95,000"
1100,"127,000"
1101,"42,000"
1102,"13,000"
1103,"140,000"
1104,"129,648"
1105,"220,000"
1106,"27,000"
1107,"58,000"
1108,20
1109,"40,000"
1110,"106,049"
1111,"60,000"
1112,"43,000"
1113,"17,000"
1114,"58,000"
1115,"32,000"
1116,"70,000"
1117,"98,000"
1118,"102,000"
1119,"84,000"
1120,"9,000"
1121,"217,000"
1122,"103,000"
1123,"230,000"
1124,"90,000"
1125,"260,000"
1126,"80,000"
1127,0
1128,"194,000"
1129,"137,881"
1130,"51,000"
1131,"78,000"
1132,"65,452"
1133,"78,300"
1134,"55,000"
1135,"150,000"
1136,"35,000"
1137,"50,000"
1138,"22,000"
1139,"99,000"
1140,"15,000"
1141,"220,000"
1142,"89,621"
1143,"210,000"
1144,"126,599"
1145,0
1146,"95,000"
1147,0
1148,"77,341"
1149,"28,200"
1150,"49,339"
1151,"120,000"
1152,"120,000"
1153,"155,000"
1154,0
1155,"2,900"
1156,"68,000"
1157,"129,000"
1158,"117,313"
1159,"52,000"
1160,"25,000"
1161,"110,000"
1162,"243,000"
1163,"50,000"
1164,"48,430"
1165,"87,000"
1166,"115,000"
1167,"111,386"
1168,"99,321"
1169,"135,210"
1170,"138,000"
1171,"102,000"
1172,"150,000"
1173,"72,000"
1174,"160,000"
1175,"21,000"
1176,"49,000"
1177,"140,000"
1178,"90,000"
1179,"91,130"
1180,"145,030"
1181,"82,000"
1182,"144,000"
1183,"144,512"
1184,"70,000"
1185,"154,000"
1186,"156,900"
1187,0
1188,"146,000"
1189,"52,132"
1190,"80,000"
1191,0
1192,"178,000"
1193,"120,000"
1194,"113,185"
1195,"69,200"
1196,"225,000"
1197,"24,000"
1198,"50,000"
1199,"95,313"
1200,"140,000"
1201,0
1202,0
1203,"78,295"
1204,"80,000"
1205,"105,895"
1206,"81,360"
1207,"144,770"
1208,"107,886"
1209,"71,000"
1210,"135,000"
1211,"169,000"
1212,"128,000"
1213,"1,178"
1214,"59,808"
1215,"238,000"
1216,"99,000"
1217,"4,200"
1218,"6,593"
1219,"145,000"
1220,"89,637"
1221,"70,000"
1222,"199,000"
1223,"145,000"
1224,"13,000"
1225,"29,000"
1226,"262,000"
1227,"29,782"
1228,"260,000"
1229,"150,000"
1230,"111,404"
1231,"50,000"
1232,"42,300"
1233,"60,083"
1234,"90,000"
1235,"88,640"
1236,"140,000"
1237,"41,000"
1238,"122,000"
1239,"200,000"
1240,"40,000"
1241,"170,000"
1242,0
1243,"113,000"
1244,"101,013"
1245,"77,000"
1246,"39,382"
1247,"85,000"
1248,"11,000"
1249,"154,000"
1250,"120,000"
1251,"120,000"
1252,"67,726"
1253,"75,000"
1254,"19,927"
1255,"90,000"
1256,"82,000"
1257,"29,000"
1258,"111,726"
1259,"198,000"
1260,0
1261,"39,487"
1262,"52,791"
1263,"124,000"
1264,"227,000"
1265,"20,434"
1266,"72,343"
1267,"29,000"
1268,"8,100"
1269,"118,000"
1270,"72,000"
1271,"20,000"
1272,"15,920"
1273,"6,300"
1274,"139,509"
1275,"75,000"
1276,"128,443"
1277,"60,000"
1278,"118,000"
1279,"30,700"
1280,"74,000"
1281,"11,000"
1282,"68,000"
1283,"36,000"
1284,"199,000"
1285,"40,000"
1286,"112,000"
1287,"79,000"
1288,"295,000"
1289,"80,935"
1290,"100,000"
1291,"145,000"
1292,"86,758"
1293,"130,000"
1294,"66,000"
1295,"140,000"
1296,"47,400"
1297,"96,890"
1298,"14,200"
1299,"45,000"
1300,"70,431"
1301,"59,115"
1302,"20,000"
1303,"355,000"
1304,"36,000"
1305,"120,000"
1306,0
1307,"70,000"
1308,"125,000"
1309,0
1310,"96,000"
1311,"150,000"
1312,"145,000"
1313,"36,000"
1314,"40,384"
1315,"125,870"
1316,"82,600"
1317,"148,000"
1318,"40,500"
1319,"150,000"
1320,"74,000"
1321,"45,000"
1322,"2,000"
1323,"14,000"
1324,"76,000"
1325,"32,027"
1326,"110,662"
1327,"13,000"
1328,"69,000"
1329,"220,000"
1330,"303,000"
1331,"89,000"
1332,"152,000"
1333,0
1334,0
1335,"151,000"
1336,"105,000"
1337,"37,349"
1338,"94,098"
1339,"35,000"
1340,"67,708"
1341,"58,624"
1342,"135,000"
1343,"60,000"
1344,"92,500"
1345,"35,558"
1346,"96,596"
1347,"95,000"
1348,"102,000"
1349,"112,000"
1350,"212,000"
1351,"90,000"
1352,"106,000"
1353,"92,000"
1354,"87,482"
1355,0
1356,"89,000"
1357,"30,000"
1358,"50,000"
1359,"201,000"
1360,"104,000"
1361,"73,148"
1362,"72,000"
1363,"70,000"
1364,"92,626"
1365,"39,000"
1366,"110,630"
1367,"23,000"
1368,"63,600"
1369,0
1370,"71,000"
1371,"45,000"
1372,"45,317"
1373,"17,000"
1374,"18,000"
1375,"160,000"
1376,0
1377,"59,554"
1378,"63,800"
1379,"22,000"
1380,"158,000"
1381,"73,643"
1382,"51,892"
1383,"110,000"
1384,"210,000"
1385,"112,000"
1386,"115,000"
1387,"104,015"
1388,0
1389,"77,000"
1390,"75,686"
1391,"15,116"
1392,"98,000"
1393,1
1394,"60,692"
1395,"45,000"
1396,"100,000"
1397,"1,000"
1398,"121,469"
1399,"106,852"
1400,"17,712"
1401,"82,000"
1402,"3,682"
1403,"130,000"
1404,"89,000"
1405,"150,000"
1406,"75,700"
1407,"80,000"
1408,"164,000"
1409,0
1410,"119,000"
1411,"252,000"
1412,"83,000"
1413,"95,000"
1414,"100,000"
1415,"80,449"
1416,"93,000"
1417,"72,490"
1418,"52,000"
1419,"27,000"
1420,"60,935"
1421,"91,000"
1422,"24,458"
1423,"245,000"
1424,"41,000"
1425,"80,000"
1426,"34,003"
1427,"84,249"
1428,"81,528"
1429,"100,000"
1430,"155,000"
1431,"26,000"
1432,"39,028"
1433,"118,000"
1434,"134,000"
1435,"120,000"
1436,"57,392"
1437,"35,000"
1438,0
1439,"48,000"
1440,"127,000"
1441,"220,000"
1442,"94,000"
1443,"92,000"
1444,"233,000"
1445,"102,000"
1446,"150,000"
1447,"154,000"
1448,"135,000"
1449,"65,553"
1450,"19,000"
1451,"92,000"
1452,"60,000"
1453,"160,000"
1454,"130,000"
1455,"230,000"
1456,"110,000"
1457,"157,225"
1458,"105,000"
1459,"125,000"
1460,"117,000"
1461,"138,000"
1462,"53,437"
1463,"130,000"
1464,"65,315"
1465,"72,000"
1466,"71,000"
1467,"69,000"
1468,"164,000"
1469,"80,000"
1470,"125,000"
1471,"60,000"
1472,"42,000"
1473,"45,464"
1474,"93,000"
1475,"125,000"
1476,"105,000"
1477,"34,045"
1478,"3,900"
1479,"57,000"
1480,"52,818"
1481,"55,672"
1482,"80,000"
1483,"91,300"
1484,0
1485,"130,000"
1486,0
1487,0
1488,"27,000"
1489,"70,000"
1490,"9,000"
1491,"160,000"
1492,"102,000"
1493,"138,000"
1494,"188,000"
1495,"5,000"
1496,"20,539"
1497,"90,000"
1498,"35,000"
1499,"99,000"
1500,"38,000"
1501,"71,034"
1502,"27,273"
1503,"33,000"
1504,"162,000"
1505,"12,000"
1506,"116,667"
1507,"145,000"
1508,"68,921"
1509,"390,000"
1510,"145,000"
1511,"32,227"
1512,0
1513,"46,000"
1514,"172,000"
1515,"150,000"
1516,"109,000"
1517,"28,568"
1518,"189,000"
1519,"134,219"
1520,"105,000"
1521,"130,000"
1522,"129,000"
1523,"160,046"
1524,"64,000"
1525,"130,000"
1526,"25,000"
1527,"12,000"
1528,"95,425"
1529,"105,039"
1530,"75,661"
1531,"190,000"
1532,"43,998"
1533,"37,000"
1534,0
1535,"30,300"
1536,"142,888"
1537,"240,000"
1538,0
1539,"70,000"
1540,"177,000"
1541,"150,000"
1542,"55,217"
1543,"51,918"
1544,"29,000"
1545,"120,000"
1546,"62,000"
1547,"8,500"
1548,"89,000"
1549,"44,123"
1550,"47,000"
1551,"35,000"
1552,"20,000"
1553,268
1554,"72,000"
1555,"75,349"
1556,"53,400"
1557,"33,000"
1558,"18,000"
1559,"52,150"
1560,"79,415"
1561,"170,000"
1562,"170,000"
1563,"77,000"
1564,"260,000"
1565,"138,000"
1566,"136,000"
1567,"90,588"
1568,"44,450"
1569,"5,500"
1570,"107,000"
1571,"74,000"
1572,"40,000"
1573,"218,000"
1574,"9,000"
1575,"212,000"
1576,"120,000"
1577,"55,795"
1578,"15,000"
1579,"163,000"
1580,"76,667"
1581,"80,000"
1582,"148,165"
1583,"55,000"
1584,"53,000"
1585,0
1586,"1,950"
1587,1
1588,"26,000"
1589,"23,000"
1590,"153,000"
1591,"195,000"
1592,"140,000"
1593,"21,000"
1594,"80,015"
1595,"62,000"
1596,"122,000"
1597,"135,000"
1598,"59,000"
1599,"170,000"
1600,"82,000"
1601,"130,000"
1602,"110,000"
1603,"224,000"
1604,"47,281"
1605,"99,000"
1606,"78,000"
1607,"89,663"
1608,"115,000"
1609,"31,000"
1610,0
1611,"143,000"
1612,"39,948"
1613,"17,000"
1614,"35,500"
1615,"110,808"
1616,"45,000"
1617,"97,000"
1618,"58,000"
1619,"3,000"
1620,"99,000"
1621,"38,851"
1622,"67,000"
1623,"183,000"
1624,"15,000"
1625,"260,000"
1626,"32,533"
1627,"85,000"
1628,"150,000"
1629,"57,000"
1630,"85,855"
1631,"4,000"
1632,"52,953"
1633,"37,900"
1634,"67,000"
1635,"95,000"
1636,0
1637,"154,000"
1638,"130,000"
1639,"246,000"
1640,"89,491"
1641,"180,000"
1642,"36,710"
1643,"59,000"
1644,"160,000"
1645,0
1646,"128,000"
1647,"114,127"
1648,0
1649,"100,000"
1650,"97,000"
1651,"125,000"
1652,"109,000"
1653,"139,000"
1654,"15,000"
1655,"8,000"
1656,"133,000"
1657,"3,000"
1658,"107,000"
1659,"54,000"
1660,"94,341"
1661,"91,000"
1662,"85,000"
1663,"140,000"
1664,"95,000"
1665,"101,984"
1666,"200,000"
1667,"111,598"
1668,"120,000"
1669,"44,103"
1670,"91,000"
1671,"69,000"
1672,"162,000"
1673,"90,000"
1674,"190,000"
1675,"15,978"
1676,"61,092"
1677,"11,000"
1678,0
1679,"110,000"
1680,"25,000"
1681,"89,022"
1682,"200,000"
1683,"110,000"
1684,20
1685,"130,500"
1686,"60,000"
1687,"12,000"
1688,"160,000"
1689,"81,300"
1690,"147,783"
1691,"33,341"
1692,"190,000"
1693,"60,000"
1694,"100,000"
1695,"203,000"
1696,"51,000"
1697,"89,900"
1698,0
1699,"12,000"
1700,"77,817"
1701,"20,000"
1702,"235,000"
1703,"225,000"
1704,"127,000"
1705,"54,000"
1706,"90,000"
1707,"108,471"
1708,"100,000"
1709,"230,000"
1710,"30,000"
1711,"77,000"
1712,"46,000"
1713,"147,000"
1714,"14,000"
1715,"19,000"
1716,"30,000"
1717,"175,000"
1718,"400,000"
1719,"192,000"
1720,"64,000"
1721,"121,000"
1722,"98,000"
1723,"87,000"
1724,"90,250"
1725,0
1726,"120,000"
1727,"89,820"
1728,"95,000"
1729,"98,000"
1730,"41,000"
1731,"28,000"
1732,"187,000"
1733,"10,000"
1734,"12,000"
1735,"41,306"
1736,"110,000"
1737,"120,000"
1738,"143,000"
1739,"262,000"
1740,"10,000"
1741,"84,961"
1742,"104,000"
1743,"108,000"
1744,"115,000"
1745,"105,500"
1746,"128,000"
1747,"55,000"
1748,"52,000"
1749,"34,568"
1750,"69,000"
1751,"120,000"
1752,"97,000"
1753,"28,000"
1754,"279,000"
1755,"170,000"
1756,"3,000"
1757,"158,000"
1758,"89,000"
1759,"58,000"
1760,"124,000"
1761,"90,000"
1762,"43,000"
1763,"98,000"
1764,"127,702"
1765,"114,000"
1766,"43,000"
1767,"43,403"
1768,"41,000"
1769,"80,000"
1770,"93,500"
1771,"30,000"
1772,"150,000"
1773,"58,000"
1774,"140,000"
1775,"72,848"
1776,"108,000"
1777,"39,000"
1778,"155,000"
1779,"188,000"
1780,"80,000"
1781,"60,491"
1782,"18,427"
1783,0
1784,"57,202"
1785,0
1786,"59,039"
1787,"14,000"
1788,"47,270"
1789,"93,000"
1790,"98,000"
1791,0
1792,"95,834"
1793,"51,000"
1794,"73,988"
1795,"67,259"
1796,"75,000"
1797,"139,142"
1798,"72,000"
1799,"74,000"
1800,"52,300"
1801,"90,000"
1802,"247,170"
1803,"115,000"
1804,"90,000"
1805,"43,485"
1806,"87,500"
1807,"160,000"
1808,"190,000"
1809,"130,000"
1810,"30,000"
1811,"240,000"
1812,"60,000"
1813,"107,000"
1814,"165,023"
1815,"124,000"
1816,"65,000"
1817,"102,730"
1818,"95,000"
1819,"105,000"
1820,"19,830"
1821,"40,000"
1822,0
1823,"117,000"
1824,"50,000"
1825,"200,000"
1826,"92,000"
1827,"93,000"
1828,"170,757"
1829,"52,000"
1830,"53,000"
1831,"92,762"
1832,"26,046"
1833,"35,000"
1834,"98,000"
1835,"11,000"
1836,"103,000"
1837,"3,600"
1838,"95,000"
1839,"71,000"
1840,"61,121"
1841,"89,000"
1842,"20,000"
1843,"94,000"
1844,"19,000"
1845,0
1846,0
1847,"47,278"
1848,"76,421"
1849,"155,000"
1850,"86,736"
1851,"57,000"
1852,"51,000"
1853,0
1854,"197,315"
1855,"118,000"
1856,"145,000"
1857,"110,000"
1858,"55,000"
1859,"41,000"
1860,"98,000"
1861,"121,009"
1862,"163,925"
1863,"65,000"
1864,"327,000"
1865,"250,000"
1866,"35,000"
1867,"89,000"
1868,"37,035"
1869,"98,000"
1870,"110,000"
1871,"119,000"
1872,"160,000"
1873,"19,799"
1874,"140,235"
1875,"101,000"
1876,"190,000"
1877,"180,000"
1878,"26,132"
1879,"125,000"
1880,"99,000"
1881,"90,907"
1882,"120,989"
1883,"26,000"
1884,"150,000"
1885,"125,000"
1886,"16,000"
1887,"105,000"
1888,"73,082"
1889,"230,000"
1890,"20,000"
1891,"85,569"
1892,"107,000"
1893,"210,000"
1894,"130,000"
1895,"21,000"
1896,"195,000"
1897,"13,000"
