,price
0,"138,000 ₪"
1,"117,500 ₪"
2,"115,000 ₪"
3,"69,900 ₪"
4,"20,000 ₪"
5,"143,000 ₪"
6,"97,000 ₪"
7,"313,800 ₪"
8,"112,900 ₪"
9,"75,900 ₪"
10,"99,000 ₪"
11,"100,900 ₪"
12,"96,000 ₪"
13,"96,300 ₪"
14,"142,900 ₪"
15,"27,999 ₪"
16,"425,000 ₪"
17,"209,000 ₪"
18,"94,000 ₪"
19,"143,560 ₪"
20,"127,500 ₪"
21,"199,000 ₪"
22,"580,000 ₪"
23,"103,000 ₪"
24,"452,000 ₪"
25,"79,000 ₪"
26,"86,990 ₪"
27,"78,900 ₪"
28,"19,000 ₪"
29,"59,900 ₪"
30,"82,500 ₪"
31,"132,000 ₪"
32,"105,900 ₪"
33,"114,900 ₪"
34,"197,900 ₪"
35,"72,000 ₪"
36,"96,900 ₪"
37,"49,999 ₪"
38,"52,000 ₪"
39,"142,000 ₪"
40,"106,900 ₪"
41,"55,000 ₪"
42,"261,803 ₪"
43,"70,000 ₪"
44,"86,900 ₪"
45,"24,900 ₪"
46,"58,500 ₪"
47,"86,900 ₪"
48,"168,000 ₪"
49,"72,000 ₪"
50,"120,900 ₪"
51,"37,000 ₪"
52,"95,000 ₪"
53,"285,000 ₪"
54,"71,900 ₪"
55,"54,900 ₪"
56,"107,900 ₪"
57,"60,000 ₪"
58,"57,900 ₪"
59,"97,500 ₪"
60,"39,000 ₪"
61,"100,000 ₪"
62,"249,990 ₪"
63,"37,000 ₪"
64,"57,000 ₪"
65,"55,900 ₪"
66,"57,000 ₪"
67,"71,900 ₪"
68,"105,000 ₪"
69,"245,000 ₪"
70,"30,999 ₪"
71,"59,900 ₪"
72,"199,999 ₪"
73,"199,500 ₪"
74,"69,900 ₪"
75,"43,000 ₪"
76,"112,000 ₪"
77,"82,000 ₪"
78,"79,900 ₪"
79,"495,000 ₪"
80,"37,900 ₪"
81,"115,900 ₪"
82,"84,900 ₪"
83,"78,900 ₪"
84,"245,000 ₪"
85,"105,900 ₪"
86,"164,900 ₪"
87,"154,989 ₪"
88,"125,900 ₪"
89,"52,000 ₪"
90,"22,900 ₪"
91,"77,000 ₪"
92,"124,900 ₪"
93,"125,000 ₪"
94,"73,000 ₪"
95,"42,900 ₪"
96,"87,203 ₪"
97,"151,000 ₪"
98,"130,000 ₪"
99,"91,000 ₪"
100,"79,900 ₪"
101,"65,000 ₪"
102,"79,900 ₪"
103,"120,900 ₪"
104,"113,900 ₪"
105,"97,900 ₪"
106,"29,900 ₪"
107,"85,000 ₪"
108,"235,000 ₪"
109,"55,000 ₪"
110,"15,000 ₪"
111,"49,500 ₪"
112,"36,999 ₪"
113,"101,900 ₪"
114,"63,000 ₪"
115,"93,900 ₪"
116,"83,000 ₪"
117,"104,000 ₪"
118,"112,500 ₪"
119,"300,000 ₪"
120,"132,000 ₪"
121,"140,000 ₪"
122,"85,900 ₪"
123,"96,900 ₪"
124,"158,000 ₪"
125,"165,000 ₪"
126,"280,000 ₪"
127,"128,900 ₪"
128,"55,000 ₪"
129,"79,900 ₪"
130,"126,900 ₪"
131,"102,000 ₪"
132,"95,000 ₪"
133,"485,312 ₪"
134,"380,000 ₪"
135,"450,000 ₪"
136,"62,000 ₪"
137,"32,993 ₪"
138,"110,000 ₪"
139,"99,900 ₪"
140,"25,000 ₪"
141,"85,900 ₪"
142,"86,000 ₪"
143,"74,900 ₪"
144,"80,000 ₪"
145,"45,000 ₪"
146,"125,000 ₪"
147,"130,000 ₪"
148,"84,900 ₪"
149,"67,500 ₪"
150,"107,900 ₪"
151,"89,999 ₪"
152,"81,900 ₪"
153,"64,900 ₪"
154,"35,900 ₪"
155,"59,500 ₪"
156,"97,900 ₪"
157,"66,900 ₪"
158,"68,500 ₪"
159,"32,000 ₪"
160,"29,990 ₪"
161,"94,900 ₪"
162,"125,000 ₪"
163,"109,000 ₪"
164,"79,900 ₪"
165,"54,999 ₪"
166,"48,000 ₪"
167,"114,990 ₪"
168,"279,900 ₪"
169,"265,000 ₪"
170,"110,900 ₪"
171,"590,000 ₪"
172,"635,000 ₪"
173,"96,900 ₪"
174,"114,000 ₪"
175,"133,000 ₪"
176,"121,000 ₪"
177,"125,000 ₪"
178,"82,000 ₪"
179,"35,000 ₪"
180,"119,900 ₪"
181,"98,900 ₪"
182,"65,000 ₪"
183,"65,000 ₪"
184,"117,900 ₪"
185,"139,000 ₪"
186,"179,900 ₪"
187,"97,000 ₪"
188,"106,900 ₪"
189,"152,000 ₪"
190,"95,000 ₪"
191,"149,000 ₪"
192,"128,900 ₪"
193,"97,000 ₪"
194,"145,900 ₪"
195,"17,000 ₪"
196,"169,000 ₪"
197,"105,900 ₪"
198,"220,900 ₪"
199,"80,000 ₪"
200,"90,000 ₪"
201,"117,000 ₪"
202,"159,900 ₪"
203,"217,000 ₪"
204,"117,900 ₪"
205,"145,000 ₪"
206,"40,000 ₪"
207,"174,503 ₪"
208,"81,900 ₪"
209,"75,000 ₪"
210,"50,000 ₪"
211,"170,000 ₪"
212,"13,999 ₪"
213,"47,500 ₪"
214,"100,000 ₪"
215,"19,500 ₪"
216,"58,900 ₪"
217,"78,900 ₪"
218,"50,000 ₪"
219,"149,000 ₪"
220,"153,163 ₪"
221,"139,900 ₪"
222,"74,900 ₪"
223,"89,900 ₪"
224,"165,000 ₪"
225,"59,900 ₪"
226,"58,000 ₪"
227,"89,000 ₪"
228,"105,000 ₪"
229,"112,000 ₪"
230,"112,000 ₪"
231,"132,900 ₪"
232,"97,990 ₪"
233,"91,900 ₪"
234,"104,000 ₪"
235,"334,650 ₪"
236,"105,900 ₪"
237,"37,900 ₪"
238,"24,999 ₪"
239,"60,000 ₪"
240,"45,000 ₪"
241,"90,000 ₪"
242,"93,000 ₪"
243,"240,000 ₪"
244,"269,000 ₪"
245,"69,000 ₪"
246,"99,900 ₪"
247,"107,900 ₪"
248,"105,900 ₪"
249,"89,000 ₪"
250,"299,990 ₪"
251,"72,900 ₪"
252,"40,900 ₪"
253,"92,900 ₪"
254,"189,999 ₪"
255,"149,500 ₪"
256,"44,900 ₪"
257,"90,000 ₪"
258,"39,900 ₪"
259,"195,000 ₪"
260,"97,000 ₪"
261,"306,000 ₪"
262,"85,000 ₪"
263,"134,000 ₪"
264,"344,253 ₪"
265,"360,000 ₪"
266,"75,000 ₪"
267,"119,000 ₪"
268,"99,900 ₪"
269,"29,990 ₪"
270,"208,550 ₪"
271,"103,900 ₪"
272,"25,000 ₪"
273,"14,999 ₪"
274,"285,000 ₪"
275,"162,000 ₪"
276,"64,900 ₪"
277,"52,000 ₪"
278,"26,000 ₪"
279,"52,000 ₪"
280,"106,900 ₪"
281,"99,900 ₪"
282,"158,110 ₪"
283,"156,000 ₪"
284,"107,500 ₪"
285,"88,000 ₪"
286,"199,000 ₪"
287,"252,000 ₪"
288,"289,900 ₪"
289,"79,900 ₪"
290,"20,000 ₪"
291,"60,000 ₪"
292,"100,000 ₪"
293,"79,900 ₪"
294,"119,900 ₪"
295,"112,900 ₪"
296,"55,000 ₪"
297,"124,900 ₪"
298,"81,900 ₪"
299,"235,000 ₪"
300,"118,000 ₪"
301,"89,000 ₪"
302,"154,900 ₪"
303,"72,500 ₪"
304,"79,900 ₪"
305,"64,900 ₪"
306,"62,900 ₪"
307,"122,400 ₪"
308,"280,000 ₪"
309,"123,900 ₪"
310,"77,000 ₪"
311,"119,000 ₪"
312,"75,000 ₪"
313,"98,000 ₪"
314,"45,000 ₪"
315,"108,900 ₪"
316,"155,000 ₪"
317,"102,000 ₪"
318,"78,900 ₪"
319,"135,000 ₪"
320,"80,000 ₪"
321,"148,000 ₪"
322,"116,000 ₪"
323,"198,000 ₪"
324,"112,000 ₪"
325,"150,900 ₪"
326,"114,999 ₪"
327,"73,000 ₪"
328,"119,000 ₪"
329,"159,000 ₪"
330,"430,000 ₪"
331,"88,000 ₪"
332,"20,000 ₪"
333,"85,000 ₪"
334,"126,900 ₪"
335,"119,000 ₪"
336,"110,900 ₪"
337,"120,900 ₪"
338,"129,900 ₪"
339,"115,000 ₪"
340,"109,900 ₪"
341,"269,990 ₪"
342,"580,000 ₪"
343,"133,900 ₪"
344,"68,000 ₪"
345,"81,000 ₪"
346,"114,000 ₪"
347,"38,900 ₪"
348,"98,000 ₪"
349,"299,000 ₪"
350,"77,900 ₪"
351,"129,000 ₪"
352,"125,000 ₪"
353,"36,000 ₪"
354,"23,000 ₪"
355,"92,000 ₪"
356,"101,900 ₪"
357,"32,000 ₪"
358,"189,000 ₪"
359,"68,900 ₪"
360,"93,000 ₪"
361,"94,000 ₪"
362,"95,000 ₪"
363,"130,000 ₪"
364,"101,900 ₪"
365,"74,900 ₪"
366,"39,990 ₪"
367,"89,900 ₪"
368,"65,000 ₪"
369,"63,900 ₪"
370,"165,000 ₪"
371,"39,000 ₪"
372,"35,000 ₪"
373,"180,000 ₪"
374,"63,000 ₪"
375,"285,000 ₪"
376,"106,900 ₪"
377,"215,000 ₪"
378,"74,999 ₪"
379,"48,000 ₪"
380,"239,999 ₪"
381,"54,000 ₪"
382,"104,900 ₪"
383,"79,900 ₪"
384,"95,900 ₪"
385,"68,000 ₪"
386,"136,900 ₪"
387,"104,900 ₪"
388,"74,900 ₪"
389,"109,000 ₪"
390,"125,900 ₪"
391,"130,000 ₪"
392,"109,900 ₪"
393,"34,999 ₪"
394,"105,900 ₪"
395,"25,900 ₪"
396,"124,500 ₪"
397,"88,000 ₪"
398,"73,900 ₪"
399,"109,900 ₪"
400,"175,000 ₪"
401,"53,900 ₪"
402,"189,999 ₪"
403,"190,000 ₪"
404,"100,000 ₪"
405,"104,500 ₪"
406,"54,999 ₪"
407,"129,900 ₪"
408,"96,900 ₪"
409,"179,000 ₪"
410,"148,900 ₪"
411,"105,900 ₪"
412,"110,000 ₪"
413,"79,000 ₪"
414,"14,900 ₪"
415,"66,500 ₪"
416,"116,900 ₪"
417,"34,999 ₪"
418,"88,900 ₪"
419,"55,000 ₪"
420,"95,900 ₪"
421,"54,000 ₪"
422,"57,999 ₪"
423,"170,500 ₪"
424,"118,500 ₪"
425,"77,900 ₪"
426,"103,900 ₪"
427,"59,990 ₪"
428,"118,900 ₪"
429,"109,000 ₪"
430,"77,000 ₪"
431,"87,000 ₪"
432,"92,000 ₪"
433,"101,900 ₪"
434,"85,000 ₪"
435,"719,000 ₪"
436,"239,000 ₪"
437,"74,500 ₪"
438,"94,000 ₪"
439,"110,000 ₪"
440,"444,000 ₪"
441,"55,000 ₪"
442,"98,500 ₪"
443,"49,990 ₪"
444,"89,000 ₪"
445,"165,000 ₪"
446,"44,900 ₪"
447,"79,999 ₪"
448,"95,000 ₪"
449,"113,900 ₪"
450,"73,900 ₪"
451,"68,000 ₪"
452,"61,000 ₪"
453,"98,000 ₪"
454,"63,900 ₪"
455,"74,900 ₪"
456,"83,900 ₪"
457,"109,900 ₪"
458,"86,000 ₪"
459,"94,900 ₪"
460,"19,900 ₪"
461,"79,000 ₪"
462,"109,900 ₪"
463,"144,500 ₪"
464,"126,000 ₪"
465,"87,900 ₪"
466,"113,000 ₪"
467,"96,900 ₪"
468,"99,900 ₪"
469,"103,000 ₪"
470,"110,500 ₪"
471,"96,900 ₪"
472,"108,900 ₪"
473,"59,900 ₪"
474,"114,900 ₪"
475,"90,900 ₪"
476,"269,990 ₪"
477,"87,000 ₪"
478,"101,900 ₪"
479,"91,900 ₪"
480,"159,999 ₪"
481,"145,000 ₪"
482,"87,900 ₪"
483,"79,000 ₪"
484,"143,000 ₪"
485,"114,900 ₪"
486,"93,900 ₪"
487,"119,000 ₪"
488,"170,000 ₪"
489,"115,900 ₪"
490,"119,900 ₪"
491,"107,000 ₪"
492,"58,000 ₪"
493,"50,900 ₪"
494,"114,999 ₪"
495,"109,900 ₪"
496,"72,900 ₪"
497,"129,900 ₪"
498,"740,000 ₪"
499,"65,900 ₪"
500,"19,900 ₪"
501,"64,900 ₪"
502,"92,000 ₪"
503,"107,900 ₪"
504,"91,900 ₪"
505,"74,900 ₪"
506,"85,000 ₪"
507,"66,900 ₪"
508,"107,000 ₪"
509,"103,000 ₪"
510,"54,000 ₪"
511,"138,000 ₪"
512,"290,903 ₪"
513,"14,500 ₪"
514,"106,000 ₪"
515,"90,000 ₪"
516,"49,900 ₪"
517,"115,000 ₪"
518,"88,000 ₪"
519,"69,000 ₪"
520,"245,000 ₪"
521,"110,900 ₪"
522,"64,900 ₪"
523,"72,000 ₪"
524,"99,000 ₪"
525,"163,000 ₪"
526,"73,700 ₪"
527,"183,000 ₪"
528,"610,000 ₪"
529,"119,900 ₪"
530,"79,000 ₪"
531,"87,500 ₪"
532,"145,500 ₪"
533,"380,000 ₪"
534,"210,000 ₪"
535,"59,000 ₪"
536,"112,900 ₪"
537,"84,000 ₪"
538,"90,900 ₪"
539,"129,900 ₪"
540,"75,000 ₪"
541,"114,999 ₪"
542,"83,000 ₪"
543,"109,000 ₪"
544,"130,000 ₪"
545,"555,000 ₪"
546,"129,900 ₪"
547,"74,900 ₪"
548,"119,500 ₪"
549,"105,000 ₪"
550,"109,900 ₪"
551,"200,000 ₪"
552,"147,000 ₪"
553,"145,500 ₪"
554,"82,900 ₪"
555,"75,000 ₪"
556,"98,900 ₪"
557,"112,900 ₪"
558,"90,000 ₪"
559,"180,000 ₪"
560,"70,000 ₪"
561,"50,000 ₪"
562,"730,000 ₪"
563,"138,900 ₪"
564,"120,000 ₪"
565,"119,900 ₪"
566,"163,000 ₪"
567,"125,000 ₪"
568,"48,900 ₪"
569,"2,094,000 ₪"
570,"34,900 ₪"
571,"54,900 ₪"
572,"97,000 ₪"
573,"93,500 ₪"
574,"113,300 ₪"
575,"42,000 ₪"
576,"94,160 ₪"
577,"43,500 ₪"
578,"337,000 ₪"
579,"133,000 ₪"
580,"474,900 ₪"
581,"133,900 ₪"
582,"40,900 ₪"
583,"105,900 ₪"
584,"166,900 ₪"
585,"35,000 ₪"
586,"62,400 ₪"
587,"74,958 ₪"
588,"325,000 ₪"
589,"105,900 ₪"
590,"237,000 ₪"
591,"102,900 ₪"
592,"111,900 ₪"
593,"49,900 ₪"
594,"65,000 ₪"
595,"39,000 ₪"
596,"72,900 ₪"
597,"137,000 ₪"
598,"124,900 ₪"
599,"30,000 ₪"
600,"105,000 ₪"
601,"95,900 ₪"
602,"127,900 ₪"
603,"93,900 ₪"
604,"178,900 ₪"
605,"94,000 ₪"
606,"249,990 ₪"
607,"126,100 ₪"
608,"247,000 ₪"
609,"109,000 ₪"
610,"49,900 ₪"
611,"314,900 ₪"
612,"32,000 ₪"
613,"89,900 ₪"
614,"105,000 ₪"
615,"159,999 ₪"
616,"59,900 ₪"
617,"12,999 ₪"
618,"74,000 ₪"
619,"42,000 ₪"
620,"93,900 ₪"
621,"28,000 ₪"
622,"110,000 ₪"
623,"132,924 ₪"
624,"121,900 ₪"
625,"62,000 ₪"
626,"49,000 ₪"
627,"199,999 ₪"
628,"142,900 ₪"
629,"115,000 ₪"
630,"39,900 ₪"
631,"116,400 ₪"
632,"71,900 ₪"
633,"46,000 ₪"
634,"38,000 ₪"
635,"98,000 ₪"
636,"289,999 ₪"
637,"135,000 ₪"
638,"220,000 ₪"
639,"89,000 ₪"
640,"108,000 ₪"
641,"61,900 ₪"
642,"53,900 ₪"
643,"127,000 ₪"
644,"114,900 ₪"
645,"192,900 ₪"
646,"38,000 ₪"
647,"39,999 ₪"
648,"100,900 ₪"
649,"99,000 ₪"
650,"100,000 ₪"
651,"124,500 ₪"
652,"102,900 ₪"
653,"145,000 ₪"
654,"133,000 ₪"
655,"99,900 ₪"
656,"88,900 ₪"
657,"80,000 ₪"
658,"90,000 ₪"
659,"87,000 ₪"
660,"76,900 ₪"
661,"128,900 ₪"
662,"44,900 ₪"
663,"85,000 ₪"
664,"150,000 ₪"
665,"83,500 ₪"
666,"112,900 ₪"
667,"45,000 ₪"
668,"135,900 ₪"
669,"120,000 ₪"
670,"68,000 ₪"
671,"55,000 ₪"
672,"42,900 ₪"
673,"169,000 ₪"
674,"134,900 ₪"
675,"137,900 ₪"
676,"135,000 ₪"
677,"119,990 ₪"
678,"103,900 ₪"
679,"60,998 ₪"
680,"91,900 ₪"
681,"410,000 ₪"
682,"115,900 ₪"
683,"69,000 ₪"
684,"94,900 ₪"
685,"77,900 ₪"
686,"110,000 ₪"
687,"34,900 ₪"
688,"179,900 ₪"
689,"29,900 ₪"
690,"139,990 ₪"
691,"133,000 ₪"
692,"115,000 ₪"
693,"89,000 ₪"
694,"166,200 ₪"
695,"74,000 ₪"
696,"500,000 ₪"
697,"102,000 ₪"
698,"35,000 ₪"
699,"73,000 ₪"
700,"109,000 ₪"
701,"108,900 ₪"
702,"59,900 ₪"
703,"60,000 ₪"
704,"85,000 ₪"
705,"440,000 ₪"
706,"194,000 ₪"
707,"190,000 ₪"
708,"66,000 ₪"
709,"146,999 ₪"
710,"139,000 ₪"
711,"139,900 ₪"
712,"370,000 ₪"
713,"124,000 ₪"
714,"233,000 ₪"
715,"115,000 ₪"
716,"136,900 ₪"
717,"169,000 ₪"
718,"96,000 ₪"
719,"105,000 ₪"
720,"86,000 ₪"
721,"22,500 ₪"
722,"131,900 ₪"
723,"85,500 ₪"
724,"162,900 ₪"
725,"78,900 ₪"
726,"108,900 ₪"
727,"415,000 ₪"
728,"385,000 ₪"
729,"99,000 ₪"
730,"39,999 ₪"
731,"84,000 ₪"
732,"150,900 ₪"
733,"119,900 ₪"
734,"89,000 ₪"
735,"169,000 ₪"
736,"217,000 ₪"
737,"164,900 ₪"
738,"71,000 ₪"
739,"400,000 ₪"
740,"99,900 ₪"
741,"80,000 ₪"
742,"42,000 ₪"
743,"68,500 ₪"
744,"46,990 ₪"
745,"129,000 ₪"
746,"35,000 ₪"
747,"101,900 ₪"
748,"82,900 ₪"
749,"238,000 ₪"
750,"141,900 ₪"
751,"68,000 ₪"
752,"112,900 ₪"
753,"61,000 ₪"
754,"156,990 ₪"
755,"118,000 ₪"
756,"73,000 ₪"
757,"68,000 ₪"
758,"209,000 ₪"
759,"34,900 ₪"
760,"105,000 ₪"
761,"160,000 ₪"
762,"120,000 ₪"
763,"383,150 ₪"
764,"68,900 ₪"
765,"106,000 ₪"
766,"73,000 ₪"
767,"125,000 ₪"
768,"112,900 ₪"
769,"79,990 ₪"
770,"32,900 ₪"
771,"71,000 ₪"
772,"92,900 ₪"
773,"182,900 ₪"
774,"375,000 ₪"
775,"235,000 ₪"
776,"109,900 ₪"
777,"79,900 ₪"
778,"95,900 ₪"
779,"62,900 ₪"
780,"70,900 ₪"
781,"58,000 ₪"
782,"103,000 ₪"
783,"249,990 ₪"
784,"82,900 ₪"
785,"142,900 ₪"
786,"94,999 ₪"
787,"79,900 ₪"
788,"29,900 ₪"
789,"32,900 ₪"
790,"93,000 ₪"
791,"79,000 ₪"
792,"69,900 ₪"
793,"33,900 ₪"
794,"20,500 ₪"
795,"82,000 ₪"
796,"116,900 ₪"
797,"102,900 ₪"
798,"65,000 ₪"
799,"79,900 ₪"
800,"141,000 ₪"
801,"110,000 ₪"
802,"59,000 ₪"
803,"139,000 ₪"
804,"159,990 ₪"
805,"320,000 ₪"
806,"68,000 ₪"
807,"120,900 ₪"
808,"47,000 ₪"
809,"155,900 ₪"
810,"162,000 ₪"
811,"104,000 ₪"
812,"153,500 ₪"
813,"55,000 ₪"
814,"112,000 ₪"
815,"93,000 ₪"
816,"74,900 ₪"
817,"125,000 ₪"
818,"125,900 ₪"
819,"75,000 ₪"
820,"109,000 ₪"
821,"128,900 ₪"
822,"116,000 ₪"
823,"270,000 ₪"
824,"169,750 ₪"
825,"128,900 ₪"
826,"115,000 ₪"
827,"59,000 ₪"
828,"372,200 ₪"
829,"75,000 ₪"
830,"116,999 ₪"
831,"87,900 ₪"
832,"102,900 ₪"
833,"605,000 ₪"
834,"83,900 ₪"
835,"134,900 ₪"
836,"59,000 ₪"
837,"145,000 ₪"
838,"520,000 ₪"
839,"420,000 ₪"
840,"225,000 ₪"
841,"410,000 ₪"
842,"74,880 ₪"
843,"142,900 ₪"
844,"83,000 ₪"
845,"60,000 ₪"
846,"38,000 ₪"
847,"45,000 ₪"
848,"108,000 ₪"
849,"74,000 ₪"
850,"119,000 ₪"
851,"155,000 ₪"
852,"189,900 ₪"
853,"314,999 ₪"
854,"97,000 ₪"
855,"18,000 ₪"
856,"188,995 ₪"
857,"157,140 ₪"
858,"95,900 ₪"
859,"71,900 ₪"
860,"93,000 ₪"
861,"184,900 ₪"
862,"112,000 ₪"
863,"50,000 ₪"
864,"189,000 ₪"
865,"79,900 ₪"
866,"68,900 ₪"
867,"79,000 ₪"
868,"188,000 ₪"
869,"93,000 ₪"
870,"49,000 ₪"
871,"160,000 ₪"
872,"124,900 ₪"
873,"104,900 ₪"
874,"119,900 ₪"
875,"105,900 ₪"
876,"108,900 ₪"
877,"65,000 ₪"
878,"116,500 ₪"
879,"72,000 ₪"
880,"38,000 ₪"
881,"105,000 ₪"
882,"88,000 ₪"
883,"49,900 ₪"
884,"18,000 ₪"
885,"111,900 ₪"
886,"72,900 ₪"
887,"394,338 ₪"
888,"66,000 ₪"
889,"69,000 ₪"
890,"96,000 ₪"
891,"29,000 ₪"
892,"105,000 ₪"
893,"49,900 ₪"
894,"65,900 ₪"
895,"153,000 ₪"
896,"392,900 ₪"
897,"128,500 ₪"
898,"108,000 ₪"
899,"219,900 ₪"
900,"40,900 ₪"
901,"95,900 ₪"
902,"109,900 ₪"
903,"208,000 ₪"
904,"64,999 ₪"
905,"217,000 ₪"
906,"98,900 ₪"
907,"170,000 ₪"
908,"167,000 ₪"
909,"46,500 ₪"
910,"72,900 ₪"
911,"68,900 ₪"
912,"113,900 ₪"
913,"94,900 ₪"
914,"58,000 ₪"
915,"82,000 ₪"
916,"91,000 ₪"
917,"115,000 ₪"
918,"68,000 ₪"
919,"99,000 ₪"
920,"415,000 ₪"
921,"37,000 ₪"
922,"79,900 ₪"
923,"163,000 ₪"
924,"25,000 ₪"
925,"147,000 ₪"
926,"68,000 ₪"
927,"57,900 ₪"
928,"101,000 ₪"
929,"91,000 ₪"
930,"112,900 ₪"
931,"109,990 ₪"
932,"74,900 ₪"
933,"50,000 ₪"
934,"35,900 ₪"
935,"75,900 ₪"
936,"113,900 ₪"
937,"19,500 ₪"
938,"680,000 ₪"
939,"111,300 ₪"
940,"72,000 ₪"
941,"152,000 ₪"
942,"67,900 ₪"
943,"81,000 ₪"
944,"119,000 ₪"
945,"115,000 ₪"
946,"149,000 ₪"
947,"69,000 ₪"
948,"86,000 ₪"
949,"70,000 ₪"
950,"115,000 ₪"
951,"72,900 ₪"
952,"83,000 ₪"
953,"26,000 ₪"
954,"970,000 ₪"
955,"59,900 ₪"
956,"72,900 ₪"
957,"119,000 ₪"
958,"79,900 ₪"
959,"104,998 ₪"
960,"75,900 ₪"
961,"129,900 ₪"
962,"134,900 ₪"
963,"42,900 ₪"
964,"157,140 ₪"
965,"136,900 ₪"
966,"73,000 ₪"
967,"148,900 ₪"
968,"189,000 ₪"
969,"39,000 ₪"
970,"47,500 ₪"
971,"73,999 ₪"
972,"157,140 ₪"
973,"67,000 ₪"
974,"122,000 ₪"
975,"180,000 ₪"
976,"79,000 ₪"
977,"99,000 ₪"
978,"78,900 ₪"
979,"320,000 ₪"
980,"103,900 ₪"
981,"49,900 ₪"
982,"126,900 ₪"
983,"125,000 ₪"
984,"109,900 ₪"
985,"115,000 ₪"
986,"35,800 ₪"
987,"146,900 ₪"
988,"67,500 ₪"
989,"125,900 ₪"
990,"99,900 ₪"
991,"33,000 ₪"
992,"95,000 ₪"
993,"96,500 ₪"
994,"123,000 ₪"
995,"35,900 ₪"
996,"107,000 ₪"
997,"130,000 ₪"
998,"107,900 ₪"
999,"36,000 ₪"
1000,"45,000 ₪"
1001,"129,000 ₪"
1002,"99,000 ₪"
1003,"39,000 ₪"
1004,"349,000 ₪"
1005,"48,000 ₪"
1006,"101,900 ₪"
1007,"93,900 ₪"
1008,"46,500 ₪"
1009,"57,000 ₪"
1010,"55,000 ₪"
1011,"74,000 ₪"
1012,"188,000 ₪"
1013,"119,000 ₪"
1014,"78,000 ₪"
1015,"117,500 ₪"
1016,"185,000 ₪"
1017,"134,999 ₪"
1018,"154,900 ₪"
1019,"73,770 ₪"
1020,"85,000 ₪"
1021,"32,000 ₪"
1022,"349,103 ₪"
1023,"99,900 ₪"
1024,"119,900 ₪"
1025,"19,900 ₪"
1026,"24,900 ₪"
1027,"115,900 ₪"
1028,"125,900 ₪"
1029,"105,900 ₪"
1030,"117,000 ₪"
1031,"105,900 ₪"
1032,"108,900 ₪"
1033,"49,000 ₪"
1034,"132,000 ₪"
1035,"149,999 ₪"
1036,"101,202 ₪"
1037,"74,900 ₪"
1038,"97,000 ₪"
1039,"77,900 ₪"
1040,"97,900 ₪"
1041,"113,900 ₪"
1042,"86,000 ₪"
1043,"268,000 ₪"
1044,"89,900 ₪"
1045,"84,999 ₪"
1046,"51,000 ₪"
1047,"81,000 ₪"
1048,"205,000 ₪"
1049,"32,999 ₪"
1050,"85,000 ₪"
1051,"24,000 ₪"
1052,"105,000 ₪"
1053,"350,000 ₪"
1054,"95,000 ₪"
1055,"90,000 ₪"
1056,"88,500 ₪"
1057,"52,900 ₪"
1058,"82,000 ₪"
1059,"78,000 ₪"
1060,"106,900 ₪"
1061,"129,000 ₪"
1062,"238,000 ₪"
1063,"205,000 ₪"
1064,"194,500 ₪"
1065,"95,000 ₪"
1066,"110,000 ₪"
1067,"245,000 ₪"
1068,"142,582 ₪"
1069,"64,900 ₪"
1070,"75,900 ₪"
1071,"185,000 ₪"
1072,"177,900 ₪"
1073,"102,900 ₪"
1074,"610,000 ₪"
1075,"70,900 ₪"
1076,"105,000 ₪"
1077,"114,900 ₪"
1078,"36,000 ₪"
1079,"75,900 ₪"
1080,"79,900 ₪"
1081,"75,000 ₪"
1082,"75,400 ₪"
1083,"68,870 ₪"
1084,"35,900 ₪"
1085,"165,900 ₪"
1086,"145,000 ₪"
1087,"230,000 ₪"
1088,"29,900 ₪"
1089,"78,000 ₪"
1090,"63,000 ₪"
1091,"49,000 ₪"
1092,"37,000 ₪"
1093,"64,900 ₪"
1094,"138,000 ₪"
1095,"68,000 ₪"
1096,"111,000 ₪"
1097,"119,999 ₪"
1098,"134,000 ₪"
1099,"39,000 ₪"
1100,"109,900 ₪"
1101,"14,999 ₪"
1102,"129,900 ₪"
1103,"136,900 ₪"
1104,"630,000 ₪"
1105,"745,500 ₪"
1106,"98,900 ₪"
1107,"119,900 ₪"
1108,"58,900 ₪"
1109,"173,000 ₪"
1110,"59,000 ₪"
1111,"137,500 ₪"
1112,"110,000 ₪"
1113,"85,000 ₪"
1114,"89,000 ₪"
1115,"84,000 ₪"
1116,"260,000 ₪"
1117,"72,000 ₪"
1118,"87,000 ₪"
1119,"24,900 ₪"
1120,"49,000 ₪"
1121,"34,000 ₪"
1122,"99,000 ₪"
1123,"157,140 ₪"
1124,"35,988 ₪"
1125,"84,900 ₪"
1126,"62,000 ₪"
1127,"82,000 ₪"
1128,"77,900 ₪"
1129,"64,900 ₪"
1130,"130,500 ₪"
1131,"50,000 ₪"
1132,"130,000 ₪"
1133,"125,000 ₪"
1134,"271,503 ₪"
1135,"19,999 ₪"
1136,"119,900 ₪"
1137,"30,000 ₪"
1138,"104,900 ₪"
1139,"32,000 ₪"
1140,"108,900 ₪"
1141,"125,000 ₪"
1142,"134,999 ₪"
1143,"345,000 ₪"
1144,"93,900 ₪"
1145,"135,900 ₪"
1146,"66,900 ₪"
1147,"14,000 ₪"
1148,"68,000 ₪"
1149,"88,900 ₪"
1150,"178,000 ₪"
1151,"715,000 ₪"
1152,"85,000 ₪"
1153,"129,000 ₪"
1154,"91,900 ₪"
1155,"164,000 ₪"
1156,"210,000 ₪"
1157,"87,000 ₪"
1158,"54,000 ₪"
1159,"144,000 ₪"
1160,"172,900 ₪"
1161,"140,000 ₪"
1162,"89,000 ₪"
1163,"92,900 ₪"
1164,"67,000 ₪"
1165,"95,000 ₪"
1166,"102,000 ₪"
1167,"45,000 ₪"
1168,"43,499 ₪"
1169,"335,000 ₪"
1170,"61,000 ₪"
1171,"494,900 ₪"
1172,"81,000 ₪"
1173,"138,900 ₪"
1174,"86,000 ₪"
1175,"124,160 ₪"
1176,"103,900 ₪"
1177,"45,000 ₪"
1178,"31,000 ₪"
1179,"52,900 ₪"
1180,"400,000 ₪"
1181,"61,900 ₪"
1182,"21,900 ₪"
1183,"301,200 ₪"
1184,"49,990 ₪"
1185,"122,900 ₪"
1186,"97,500 ₪"
1187,"157,140 ₪"
1188,"109,999 ₪"
1189,"47,900 ₪"
1190,"107,900 ₪"
1191,"145,900 ₪"
1192,"79,900 ₪"
1193,"119,000 ₪"
1194,"190,000 ₪"
1195,"92,900 ₪"
1196,"39,000 ₪"
1197,"217,000 ₪"
1198,"163,930 ₪"
1199,"136,900 ₪"
1200,"113,900 ₪"
1201,"82,900 ₪"
1202,"91,900 ₪"
1203,"54,900 ₪"
1204,"108,900 ₪"
1205,"100,000 ₪"
1206,"36,500 ₪"
1207,"109,900 ₪"
1208,"159,000 ₪"
1209,"91,900 ₪"
1210,"30,000 ₪"
1211,"120,900 ₪"
1212,"315,000 ₪"
1213,"193,000 ₪"
1214,"43,900 ₪"
1215,"94,900 ₪"
1216,"27,900 ₪"
1217,"98,000 ₪"
1218,"25,000 ₪"
1219,"379,000 ₪"
1220,"96,000 ₪"
1221,"12,900 ₪"
1222,"182,700 ₪"
1223,"49,000 ₪"
1224,"64,000 ₪"
1225,"110,900 ₪"
1226,"95,000 ₪"
1227,"119,900 ₪"
1228,"82,000 ₪"
1229,"93,000 ₪"
1230,"86,900 ₪"
1231,"42,000 ₪"
1232,"89,000 ₪"
1233,"78,000 ₪"
1234,"65,000 ₪"
1235,"235,000 ₪"
1236,"60,000 ₪"
1237,"168,000 ₪"
1238,"54,000 ₪"
1239,"90,900 ₪"
1240,"115,000 ₪"
1241,"131,900 ₪"
1242,"255,000 ₪"
1243,"209,000 ₪"
1244,"47,000 ₪"
1245,"77,900 ₪"
1246,"96,000 ₪"
1247,"101,900 ₪"
1248,"110,000 ₪"
1249,"117,000 ₪"
1250,"90,000 ₪"
1251,"85,000 ₪"
1252,"217,000 ₪"
1253,"108,900 ₪"
1254,"69,000 ₪"
1255,"178,000 ₪"
1256,"100,900 ₪"
1257,"149,900 ₪"
1258,"370,000 ₪"
1259,"73,000 ₪"
1260,"133,900 ₪"
1261,"121,900 ₪"
1262,"220,000 ₪"
1263,"78,000 ₪"
1264,"99,000 ₪"
1265,"155,000 ₪"
1266,"72,900 ₪"
1267,"82,900 ₪"
1268,"271,503 ₪"
1269,"94,900 ₪"
1270,"138,500 ₪"
1271,"37,900 ₪"
1272,"98,000 ₪"
1273,"111,000 ₪"
1274,"180,000 ₪"
1275,"37,000 ₪"
1276,"218,000 ₪"
1277,"132,000 ₪"
1278,"420,000 ₪"
1279,"52,000 ₪"
1280,"88,900 ₪"
1281,"63,900 ₪"
1282,"80,000 ₪"
1283,"29,900 ₪"
1284,"107,900 ₪"
1285,"45,999 ₪"
1286,"19,900 ₪"
1287,"225,900 ₪"
1288,"37,000 ₪"
1289,"84,000 ₪"
1290,"142,900 ₪"
1291,"97,900 ₪"
1292,"69,500 ₪"
1293,"714,000 ₪"
1294,"135,000 ₪"
1295,"116,900 ₪"
1296,"147,900 ₪"
1297,"153,000 ₪"
1298,"28,000 ₪"
1299,"200,000 ₪"
1300,"117,000 ₪"
1301,"251,230 ₪"
1302,"239,000 ₪"
1303,"85,000 ₪"
1304,"196,000 ₪"
1305,"105,000 ₪"
1306,"64,000 ₪"
1307,"68,000 ₪"
1308,"118,000 ₪"
1309,"116,900 ₪"
1310,"157,900 ₪"
1311,"80,900 ₪"
1312,"103,000 ₪"
1313,"119,900 ₪"
1314,"50,000 ₪"
1315,"69,000 ₪"
1316,"127,000 ₪"
1317,"290,000 ₪"
1318,"102,000 ₪"
1319,"29,990 ₪"
1320,"117,900 ₪"
1321,"150,900 ₪"
1322,"175,000 ₪"
1323,"70,000 ₪"
1324,"19,500 ₪"
1325,"54,999 ₪"
1326,"134,900 ₪"
1327,"48,000 ₪"
1328,"410,000 ₪"
1329,"259,960 ₪"
1330,"65,900 ₪"
1331,"72,000 ₪"
1332,"76,900 ₪"
1333,"107,900 ₪"
1334,"140,000 ₪"
1335,"120,900 ₪"
1336,"119,900 ₪"
1337,"72,000 ₪"
1338,"125,000 ₪"
1339,"430,000 ₪"
1340,"110,900 ₪"
1341,"71,000 ₪"
1342,"121,000 ₪"
1343,"99,000 ₪"
1344,"76,000 ₪"
1345,"59,000 ₪"
1346,"23,499 ₪"
1347,"35,000 ₪"
1348,"112,900 ₪"
1349,"123,900 ₪"
1350,"198,000 ₪"
1351,"99,999 ₪"
1352,"134,999 ₪"
1353,"88,000 ₪"
1354,"31,000 ₪"
1355,"105,000 ₪"
1356,"90,900 ₪"
1357,"130,000 ₪"
1358,"120,000 ₪"
1359,"110,900 ₪"
1360,"168,000 ₪"
1361,"107,600 ₪"
1362,"233,000 ₪"
1363,"107,900 ₪"
1364,"205,000 ₪"
1365,"87,000 ₪"
1366,"149,900 ₪"
1367,"114,900 ₪"
1368,"139,990 ₪"
1369,"149,900 ₪"
1370,"30,000 ₪"
1371,"635,350 ₪"
1372,"121,900 ₪"
1373,"108,000 ₪"
1374,"238,500 ₪"
1375,"90,000 ₪"
1376,"140,500 ₪"
1377,"106,900 ₪"
1378,"97,900 ₪"
1379,"99,000 ₪"
1380,"88,000 ₪"
1381,"124,996 ₪"
1382,"95,900 ₪"
1383,"479,900 ₪"
1384,"72,000 ₪"
1385,"127,000 ₪"
1386,"111,900 ₪"
1387,"97,000 ₪"
1388,"180,000 ₪"
1389,"122,900 ₪"
1390,"136,000 ₪"
1391,"135,744 ₪"
1392,"109,990 ₪"
1393,"93,900 ₪"
1394,"103,900 ₪"
1395,"187,900 ₪"
1396,"62,000 ₪"
1397,"549,997 ₪"
1398,"110,000 ₪"
1399,"88,000 ₪"
1400,"55,000 ₪"
1401,"136,390 ₪"
1402,"84,390 ₪"
1403,"109,900 ₪"
1404,"470,000 ₪"
1405,"64,900 ₪"
1406,"29,998 ₪"
1407,"175,000 ₪"
1408,"104,256 ₪"
1409,"39,900 ₪"
1410,"187,000 ₪"
1411,"150,350 ₪"
1412,"122,900 ₪"
1413,"89,900 ₪"
1414,"69,900 ₪"
1415,"107,900 ₪"
1416,"29,000 ₪"
1417,"73,900 ₪"
1418,"127,900 ₪"
1419,"105,000 ₪"
1420,"270,000 ₪"
1421,"81,900 ₪"
1422,"89,900 ₪"
1423,"111,900 ₪"
1424,"75,000 ₪"
1425,"18,000 ₪"
1426,"295,000 ₪"
1427,"97,900 ₪"
1428,"52,000 ₪"
1429,"62,900 ₪"
1430,"95,000 ₪"
1431,"109,900 ₪"
1432,"88,900 ₪"
1433,"200,000 ₪"
1434,"99,000 ₪"
1435,"119,000 ₪"
1436,"23,900 ₪"
1437,"45,000 ₪"
1438,"143,000 ₪"
1439,"89,900 ₪"
1440,"65,000 ₪"
1441,"45,000 ₪"
1442,"42,900 ₪"
1443,"77,900 ₪"
1444,"120,900 ₪"
1445,"189,900 ₪"
1446,"49,000 ₪"
1447,"140,000 ₪"
1448,"110,000 ₪"
1449,"105,000 ₪"
1450,"55,000 ₪"
1451,"36,000 ₪"
1452,"123,900 ₪"
1453,"97,900 ₪"
1454,"55,000 ₪"
1455,"49,000 ₪"
1456,"74,900 ₪"
1457,"111,900 ₪"
1458,"100,000 ₪"
1459,"131,900 ₪"
1460,"123,000 ₪"
1461,"148,900 ₪"
1462,"95,000 ₪"
1463,"48,000 ₪"
1464,"129,000 ₪"
1465,"60,000 ₪"
1466,"112,000 ₪"
1467,"71,900 ₪"
1468,"93,900 ₪"
1469,"76,600 ₪"
1470,"78,900 ₪"
1471,"32,000 ₪"
1472,"127,900 ₪"
1473,"405,363 ₪"
1474,"185,000 ₪"
1475,"102,900 ₪"
1476,"180,000 ₪"
1477,"122,900 ₪"
1478,"410,000 ₪"
1479,"69,000 ₪"
1480,"340,000 ₪"
1481,"164,803 ₪"
1482,"165,000 ₪"
1483,"98,900 ₪"
1484,"289,000 ₪"
1485,"55,900 ₪"
1486,"104,000 ₪"
1487,"71,990 ₪"
1488,"45,900 ₪"
1489,"118,900 ₪"
1490,"110,000 ₪"
1491,"153,163 ₪"
1492,"122,998 ₪"
1493,"129,000 ₪"
1494,"116,900 ₪"
1495,"134,900 ₪"
1496,"127,000 ₪"
1497,"25,000 ₪"
1498,"136,900 ₪"
1499,"88,000 ₪"
1500,"41,900 ₪"
1501,"127,900 ₪"
1502,"44,900 ₪"
1503,"115,000 ₪"
1504,"151,900 ₪"
1505,"435,000 ₪"
1506,"119,999 ₪"
1507,"39,000 ₪"
1508,"155,000 ₪"
1509,"113,990 ₪"
1510,"136,900 ₪"
1511,"10,999 ₪"
1512,"80,900 ₪"
1513,"64,000 ₪"
1514,"288,000 ₪"
1515,"81,900 ₪"
1516,"124,900 ₪"
1517,"111,550 ₪"
1518,"80,900 ₪"
1519,"107,000 ₪"
1520,"421,950 ₪"
1521,"137,500 ₪"
1522,"99,900 ₪"
1523,"16,900 ₪"
1524,"116,900 ₪"
1525,"480,000 ₪"
1526,"155,000 ₪"
1527,"63,000 ₪"
1528,"88,900 ₪"
1529,"58,999 ₪"
1530,"756,600 ₪"
1531,"55,000 ₪"
1532,"41,900 ₪"
1533,"67,000 ₪"
1534,"97,900 ₪"
1535,"172,900 ₪"
1536,"125,000 ₪"
1537,"113,900 ₪"
1538,"73,000 ₪"
1539,"255,000 ₪"
1540,"115,900 ₪"
1541,"121,900 ₪"
1542,"277,000 ₪"
1543,"112,900 ₪"
1544,"85,000 ₪"
1545,"28,500 ₪"
1546,"79,900 ₪"
1547,"97,900 ₪"
1548,"87,900 ₪"
1549,"84,000 ₪"
1550,"145,000 ₪"
1551,"122,900 ₪"
1552,"80,900 ₪"
1553,"79,900 ₪"
1554,"59,000 ₪"
1555,"122,000 ₪"
1556,"26,900 ₪"
1557,"179,900 ₪"
1558,"17,900 ₪"
1559,"117,900 ₪"
1560,"130,900 ₪"
1561,"198,000 ₪"
1562,"110,000 ₪"
1563,"86,000 ₪"
1564,"135,000 ₪"
1565,"35,000 ₪"
1566,"515,000 ₪"
1567,"23,000 ₪"
1568,"56,000 ₪"
1569,"106,900 ₪"
1570,"119,900 ₪"
1571,"67,000 ₪"
1572,"110,900 ₪"
1573,"83,900 ₪"
1574,"58,900 ₪"
1575,"117,900 ₪"
1576,"91,000 ₪"
1577,"330,000 ₪"
1578,"125,000 ₪"
1579,"188,000 ₪"
1580,"575,000 ₪"
1581,"145,403 ₪"
1582,"54,999 ₪"
1583,"97,500 ₪"
1584,"88,000 ₪"
1585,"249,900 ₪"
1586,"71,500 ₪"
1587,"118,900 ₪"
1588,"33,000 ₪"
1589,"170,000 ₪"
1590,"47,900 ₪"
1591,"81,000 ₪"
1592,"72,000 ₪"
1593,"75,000 ₪"
1594,"127,000 ₪"
1595,"41,998 ₪"
1596,"67,900 ₪"
1597,"86,900 ₪"
1598,"20,000 ₪"
1599,"95,900 ₪"
1600,"41,500 ₪"
1601,"129,000 ₪"
1602,"215,000 ₪"
1603,"37,000 ₪"
1604,"109,900 ₪"
1605,"140,000 ₪"
1606,"280,900 ₪"
1607,"87,900 ₪"
1608,"275,000 ₪"
1609,"105,000 ₪"
1610,"210,000 ₪"
1611,"123,600 ₪"
1612,"89,500 ₪"
1613,"154,000 ₪"
1614,"43,000 ₪"
1615,"23,000 ₪"
1616,"66,000 ₪"
1617,"36,000 ₪"
1618,"149,900 ₪"
1619,"159,000 ₪"
1620,"66,900 ₪"
1621,"119,000 ₪"
1622,"101,000 ₪"
1623,"148,500 ₪"
1624,"202,900 ₪"
1625,"113,200 ₪"
1626,"75,000 ₪"
1627,"151,999 ₪"
1628,"184,203 ₪"
1629,"52,000 ₪"
1630,"84,900 ₪"
1631,"17,999 ₪"
1632,"124,000 ₪"
1633,"56,500 ₪"
1634,"80,900 ₪"
1635,"74,900 ₪"
1636,"53,000 ₪"
1637,"259,960 ₪"
1638,"72,000 ₪"
1639,"106,900 ₪"
1640,"158,110 ₪"
1641,"60,000 ₪"
1642,"109,000 ₪"
1643,"35,000 ₪"
1644,"165,000 ₪"
1645,"99,900 ₪"
1646,"685,000 ₪"
1647,"79,000 ₪"
1648,"155,990 ₪"
1649,"269,000 ₪"
1650,"82,000 ₪"
1651,"374,990 ₪"
1652,"67,900 ₪"
1653,"125,000 ₪"
1654,"136,900 ₪"
1655,"80,000 ₪"
1656,"73,000 ₪"
1657,"100,900 ₪"
1658,"38,900 ₪"
1659,"124,900 ₪"
1660,"79,000 ₪"
1661,"108,900 ₪"
1662,"92,000 ₪"
1663,"115,900 ₪"
1664,"59,900 ₪"
1665,"55,000 ₪"
1666,"61,900 ₪"
1667,"121,900 ₪"
1668,"390,000 ₪"
1669,"410,000 ₪"
1670,"85,000 ₪"
1671,"197,000 ₪"
1672,"101,900 ₪"
1673,"21,000 ₪"
1674,"44,900 ₪"
1675,"395,000 ₪"
1676,"86,092 ₪"
1677,"199,000 ₪"
1678,"388,000 ₪"
1679,"107,000 ₪"
1680,"112,000 ₪"
1681,"115,900 ₪"
1682,"111,900 ₪"
1683,"27,999 ₪"
1684,"110,000 ₪"
1685,"101,900 ₪"
1686,"29,900 ₪"
1687,"55,000 ₪"
1688,"89,900 ₪"
1689,"157,140 ₪"
1690,"79,999 ₪"
1691,"115,900 ₪"
1692,"204,000 ₪"
1693,"12,900 ₪"
1694,"23,000 ₪"
1695,"60,000 ₪"
1696,"117,000 ₪"
1697,"109,999 ₪"
1698,"79,900 ₪"
1699,"114,900 ₪"
1700,"69,000 ₪"
1701,"188,000 ₪"
1702,"92,000 ₪"
1703,"115,000 ₪"
1704,"79,000 ₪"
1705,"77,900 ₪"
1706,"335,000 ₪"
1707,"100,000 ₪"
1708,"58,000 ₪"
1709,"65,000 ₪"
1710,"74,900 ₪"
1711,"119,900 ₪"
1712,"93,000 ₪"
1713,"67,000 ₪"
1714,"107,000 ₪"
1715,"105,900 ₪"
1716,"380,000 ₪"
1717,"90,000 ₪"
1718,"112,900 ₪"
1719,"112,500 ₪"
1720,"75,900 ₪"
1721,"215,000 ₪"
1722,"198,000 ₪"
1723,"275,000 ₪"
1724,"99,990 ₪"
1725,"190,000 ₪"
1726,"70,900 ₪"
1727,"71,000 ₪"
1728,"189,000 ₪"
1729,"86,000 ₪"
1730,"34,000 ₪"
1731,"700,000 ₪"
1732,"115,900 ₪"
1733,"125,000 ₪"
1734,"99,000 ₪"
1735,"57,000 ₪"
1736,"36,900 ₪"
1737,"95,000 ₪"
1738,"75,900 ₪"
1739,"136,990 ₪"
1740,"147,900 ₪"
1741,"89,000 ₪"
1742,"99,900 ₪"
1743,"169,900 ₪"
1744,"275,000 ₪"
1745,"35,000 ₪"
1746,"51,500 ₪"
1747,"205,000 ₪"
1748,"110,000 ₪"
1749,"89,000 ₪"
1750,"105,000 ₪"
1751,"89,000 ₪"
1752,"66,900 ₪"
1753,"259,000 ₪"
1754,"57,000 ₪"
1755,"82,900 ₪"
1756,"69,000 ₪"
1757,"93,000 ₪"
1758,"184,203 ₪"
1759,"88,000 ₪"
1760,"99,000 ₪"
1761,"59,900 ₪"
1762,"91,900 ₪"
1763,"105,000 ₪"
1764,"118,000 ₪"
1765,"64,999 ₪"
1766,"94,900 ₪"
1767,"94,900 ₪"
1768,"121,000 ₪"
1769,"119,900 ₪"
1770,"14,999 ₪"
1771,"96,000 ₪"
1772,"119,900 ₪"
1773,"299,900 ₪"
1774,"208,550 ₪"
1775,"70,900 ₪"
1776,"155,000 ₪"
1777,"118,900 ₪"
1778,"300,000 ₪"
1779,"106,900 ₪"
1780,"92,900 ₪"
1781,"79,999 ₪"
1782,"163,930 ₪"
1783,"122,900 ₪"
1784,"100,000 ₪"
1785,"91,900 ₪"
1786,"118,900 ₪"
1787,"79,900 ₪"
1788,"111,000 ₪"
1789,"89,000 ₪"
1790,"385,000 ₪"
1791,"119,900 ₪"
1792,"110,500 ₪"
1793,"33,400 ₪"
1794,"68,000 ₪"
1795,"117,000 ₪"
1796,"118,900 ₪"
1797,"77,000 ₪"
1798,"64,000 ₪"
1799,"120,000 ₪"
1800,"250,000 ₪"
1801,"314,999 ₪"
1802,"27,000 ₪"
1803,"138,500 ₪"
1804,"93,000 ₪"
1805,"86,900 ₪"
1806,"39,500 ₪"
1807,"74,900 ₪"
1808,"168,000 ₪"
1809,"117,900 ₪"
1810,"168,500 ₪"
1811,"138,900 ₪"
1812,"266,750 ₪"
1813,"259,960 ₪"
1814,"74,900 ₪"
1815,"73,000 ₪"
1816,"117,000 ₪"
1817,"77,900 ₪"
1818,"102,900 ₪"
1819,"92,900 ₪"
1820,"116,000 ₪"
1821,"127,000 ₪"
1822,"112,900 ₪"
1823,"80,900 ₪"
1824,"75,900 ₪"
1825,"320,000 ₪"
1826,"134,900 ₪"
1827,"34,000 ₪"
1828,"710,000 ₪"
1829,"76,500 ₪"
1830,"144,500 ₪"
1831,"122,900 ₪"
1832,"94,999 ₪"
1833,"156,900 ₪"
1834,"410,000 ₪"
1835,"255,983 ₪"
1836,"365,000 ₪"
1837,"290,903 ₪"
1838,"115,900 ₪"
1839,"131,900 ₪"
1840,"36,000 ₪"
1841,"108,900 ₪"
1842,"99,999 ₪"
1843,"190,000 ₪"
1844,"590,000 ₪"
1845,"69,900 ₪"
1846,"34,500 ₪"
1847,"70,900 ₪"
1848,"99,990 ₪"
1849,"129,999 ₪"
1850,"128,000 ₪"
1851,"109,898 ₪"
1852,"43,042 ₪"
1853,"85,900 ₪"
1854,"115,000 ₪"
1855,"179,000 ₪"
1856,"30,000 ₪"
1857,"52,000 ₪"
1858,"91,000 ₪"
1859,"112,900 ₪"
1860,"104,900 ₪"
1861,"80,000 ₪"
1862,"105,000 ₪"
1863,"102,990 ₪"
1864,"106,900 ₪"
1865,"63,900 ₪"
1866,"68,000 ₪"
1867,"59,900 ₪"
1868,"40,999 ₪"
1869,"149,900 ₪"
1870,"132,000 ₪"
1871,"95,000 ₪"
1872,"38,700 ₪"
1873,"72,900 ₪"
1874,"485,000 ₪"
1875,"230,000 ₪"
1876,"119,000 ₪"
1877,"299,000 ₪"
1878,"61,000 ₪"
1879,"137,900 ₪"
1880,"29,999 ₪"
1881,"146,000 ₪"
1882,"125,900 ₪"
1883,"43,900 ₪"
1884,"13,000 ₪"
1885,"65,000 ₪"
1886,"135,000 ₪"
1887,"22,000 ₪"
1888,"133,500 ₪"
